clade	gene	site	alt
Ia	NS3	175	I
Ia	NS4B	29	M
Ia	NS4B	176	I
Ia	NS5	162	I
Ia	NS5	312	D
Ib	NS3	486	C
Ib	NS4B	114	S
Ib	NS5	47	R
Ib	NS5	731	T
II	NS1	174	T
II	NS2A	123	N
II	NS2A	201	C
II	NS4B	26	T
II	NS5	298	V
II	NS5	403	G
III	capsid	10	D
III	capsid	25	G
III	capsid	82	T
III	capsid	90	I
III	capsid	100	E
III	capsid	102	K
III	capsid	108	S
III	prM	2	V
III	prM	74	M
III	env	58	D
III	env	91	F
III	env	123	S
III	env	223	M
III	env	229	A
III	env	273	S
III	env	438	F
III	env	465	M
III	env	470	V
III	NS1	52	S
III	NS1	54	T
III	NS1	88	M
III	NS1	123	M
III	NS1	163	M
III	NS1	164	T
III	NS1	207	D
III	NS1	237	I
III	NS1	256	K
III	NS1	351	S
III	NS2A	42	A
III	NS2A	66	M
III	NS2A	158	A
III	NS2A	161	F
III	NS2B	107	I
III	NS3	86	G
III	NS3	92	M
III	NS3	107	K
III	NS3	175	V
III	NS3	234	D
III	NS3	249	N
III	NS3	309	D
III	NS3	347	A
III	NS3	369	S
III	NS3	437	E
III	NS3	467	T
III	NS3	486	F
III	NS3	556	V
III	NS3	583	I
III	NS3	586	V
III	NS4A	17	M
III	NS4A	42	S
III	NS4A	55	I
III	NS4A	65	M
III	2K	18	I
III	NS4B	21	P
III	NS4B	22	G
III	NS4B	24	T
III	NS4B	30	A
III	NS4B	31	D
III	NS4B	195	A
III	NS5	18	Q
III	NS5	39	P
III	NS5	41	K
III	NS5	136	T
III	NS5	151	S
III	NS5	280	K
III	NS5	298	S
III	NS5	385	S
III	NS5	386	H
III	NS5	388	E
III	NS5	397	S
III	NS5	432	T
III	NS5	526	L
III	NS5	588	D
III	NS5	637	I
III	NS5	646	P
III	NS5	650	T
III	NS5	820	K
III	NS5	873	G
III	NS5	896	D
III	NS5	900	M
IV	capsid	73	R
IV	capsid	100	G
IV	capsid	122	S
IV	prM	1	L
IV	prM	36	I
IV	prM	57	M
IV	prM	124	A
IV	env	47	T
IV	env	53	M
IV	env	62	A
IV	env	89	N
IV	env	179	T
IV	env	198	V
IV	env	226	S
IV	env	278	V
IV	env	282	S
IV	env	312	S
IV	env	386	I
IV	NS1	57	V
IV	NS1	290	S
IV	NS2A	119	I
IV	NS2A	121	S
IV	NS2A	122	Q
IV	NS2A	124	T
IV	NS3	30	I
IV	NS4A	83	A
IV	NS4A	114	M
IV	NS4B	15	T
IV	NS4B	17	W
IV	NS4B	21	T
IV	NS4B	23	S
IV	NS4B	81	S
IV	NS5	139	A
IV	NS5	369	A
IV	NS5	390	N
Ic.5	capsid	25	M
Ic.5	capsid	108	V
Ic.5	capsid	112	M
Ic.5	prM	72	A
Ic.5	prM	98	A
Ic.5	prM	139	V
Ic.5	env	16	T
Ic.5	env	21	L
Ic.5	env	62	A
Ic.5	env	118	R
Ic.5	env	159	Q
Ic.5	env	497	I
Ic.5	NS1	51	Q
Ic.5	NS1	105	K
Ic.5	NS1	174	V
Ic.5	NS1	237	V
Ic.5	NS1	262	M
Ic.5	NS1	326	R
Ic.5	NS2A	34	G
Ic.5	NS2A	93	T
Ic.5	NS2A	126	Q
Ic.5	NS2A	212	S
Ic.5	NS2B	57	V
Ic.5	NS3	30	I
Ic.5	NS3	175	P
Ic.5	NS3	323	H
Ic.5	NS3	441	K
Ic.5	NS3	445	S
Ic.5	NS4A	87	I
Ic.5	NS4B	168	M
Ic.5	NS4B	232	E
Ic.5	NS5	71	V
Ic.5	NS5	374	S
Ic.5	NS5	388	S
Ic.5	NS5	402	K
Ic.5	NS5	546	M
Ic.5	NS5	633	T
Ic.5	NS5	681	S
VII	capsid	25	P
VII	capsid	63	K
VII	capsid	71	K
VII	capsid	113	C
VII	capsid	120	T
VII	prM	5	S
VII	prM	24	S
VII	prM	58	P
VII	prM	70	D
VII	prM	72	M
VII	prM	74	I
VII	prM	82	I
VII	prM	84	G
VII	prM	85	K
VII	prM	157	I
VII	env	23	I
VII	env	31	I
VII	env	43	I
VII	env	49	S
VII	env	126	V
VII	env	128	K
VII	env	140	S
VII	env	149	L
VII	env	155	F
VII	env	159	R
VII	env	160	T
VII	env	166	T
VII	env	167	I
VII	env	176	S
VII	env	226	A
VII	env	230	A
VII	env	240	L
VII	env	278	N
VII	env	310	Q
VII	env	312	H
VII	env	314	H
VII	env	328	K
VII	env	364	S
VII	env	370	I
VII	env	412	V
VII	env	438	L
VII	NS1	105	P
VII	NS1	146	S
VII	NS1	147	R
VII	NS1	192	Q
VII	NS1	219	D
VII	NS1	235	S
VII	NS1	261	M
VII	NS1	284	K
VII	NS1	290	L
VII	NS1	315	T
VII	NS1	351	E
VII	NS2A	119	Q
VII	NS2A	121	C
VII	NS2A	125	I
VII	NS2A	126	T
VII	NS2A	187	L
VII	NS2A	199	S
VII	NS2A	212	A
VII	NS2B	85	Y
VII	NS3	92	V
VII	NS3	273	S
VII	NS3	306	S
VII	NS3	324	E
VII	NS3	336	I
VII	NS3	368	L
VII	NS3	449	S
VII	NS3	515	Q
VII	NS3	519	S
VII	NS3	548	S
VII	NS3	570	V
VII	NS4A	5	V
VII	NS4A	18	T
VII	NS4A	21	M
VII	NS4A	62	I
VII	NS4A	110	M
VII	2K	9	I
VII	2K	16	A
VII	NS4B	3	L
VII	NS4B	18	A
VII	NS4B	21	A
VII	NS4B	23	K
VII	NS4B	183	I
VII	NS5	163	K
VII	NS5	274	N
VII	NS5	281	R
VII	NS5	296	L
VII	NS5	298	P
VII	NS5	374	K
VII	NS5	377	D
VII	NS5	381	D
VII	NS5	385	N
VII	NS5	388	K
VII	NS5	438	E
VII	NS5	439	Q
VII	NS5	526	G
VII	NS5	553	G
VII	NS5	557	R
VII	NS5	645	E
VII	NS5	649	K
VII	NS5	650	S
VII	NS5	710	Y
VII	NS5	754	K
VII	NS5	755	E
VII	NS5	825	D
VII	NS5	860	P
VII	NS5	870	A
VII	NS5	885	I
VII	NS5	898	S
VIII	capsid	20	C
VIII	capsid	71	R
VIII	capsid	117	F
VIII	capsid	121	C
VIII	prM	28	P
VIII	prM	35	V
VIII	prM	48	M
VIII	prM	153	I
VIII	env	41	L
VIII	env	148	N
VIII	env	227	V
VIII	env	231	V
VIII	env	293	D
VIII	env	342	T
VIII	env	364	E
VIII	env	390	S
VIII	env	461	S
VIII	env	464	M
VIII	NS1	8	M
VIII	NS1	27	T
VIII	NS1	69	A
VIII	NS1	138	T
VIII	NS1	147	Q
VIII	NS1	208	G
VIII	NS1	327	G
VIII	NS2A	38	V
VIII	NS2A	41	M
VIII	NS2A	66	S
VIII	NS2A	88	I
VIII	NS2A	168	A
VIII	NS2A	203	M
VIII	NS2A	224	L
VIII	NS2B	57	S
VIII	NS3	38	S
VIII	NS3	140	I
VIII	NS3	249	S
VIII	NS3	450	M
VIII	NS3	484	T
VIII	NS4A	2	H
VIII	NS4A	4	E
VIII	NS4A	5	W
VIII	NS4A	13	R
VIII	NS4A	85	T
VIII	NS4A	122	S
VIII	2K	16	S
VIII	NS4B	19	T
VIII	NS4B	21	M
VIII	NS4B	23	N
VIII	NS4B	31	K
VIII	NS4B	32	V
VIII	NS4B	177	L
VIII	NS4B	223	S
VIII	NS5	173	Q
VIII	NS5	376	M
VIII	NS5	379	V
VIII	NS5	443	L
VIII	NS5	444	T
VIII	NS5	472	A
VIII	NS5	473	V
VIII	NS5	526	R
VIII	NS5	596	L
VIII	NS5	637	L
VIII	NS5	650	M
VIII	NS5	770	M
VIII	NS5	816	R
VIII	NS5	860	N
VIII	NS5	885	F
VIII	NS5	894	L
